{"cameraMode":{"drawMode":0,"name":"Shaded","section":"Shading Mode"},"sceneLighting":true,"audioPlay":false,"sceneViewState":{"showFog":true,"showMaterialUpdate":false,"showSkybox":true,"showFlares":true,"showImageEffects":true,"showParticleSystems":true},"in2DMode":false,"pivot":{"x":147.8243408203125,"y":473.18707275390627,"z":0.2830810546875},"rotation":{"x":-0.004810940474271774,"y":0.0021274853497743608,"z":0.0000933620540308766,"w":-1.000083327293396},"size":542.236083984375,"orthographic":false}