{"cameraMode":{"drawMode":0,"name":"Shaded","section":"Shading Mode"},"sceneLighting":true,"audioPlay":false,"sceneViewState":{"showFog":true,"showMaterialUpdate":false,"showSkybox":true,"showFlares":true,"showImageEffects":true,"showParticleSystems":true},"in2DMode":false,"pivot":{"x":1.1920928955078126e-7,"y":0.8664481043815613,"z":-0.32435235381126406},"rotation":{"x":-0.21368594467639924,"y":0.6285449862480164,"z":-0.18538422882556916,"w":-0.7245023250579834},"size":10.550965309143067,"orthographic":false}