{"cameraMode":{"drawMode":0,"name":"Shaded","section":"Shading Mode"},"sceneLighting":true,"audioPlay":false,"sceneViewState":{"showFog":true,"showMaterialUpdate":false,"showSkybox":true,"showFlares":true,"showImageEffects":true,"showParticleSystems":true},"in2DMode":false,"pivot":{"x":0.48714447021484377,"y":1.8562026023864747,"z":-1.3518352508544922},"rotation":{"x":-0.04119909182190895,"y":0.9396759867668152,"z":-0.12219108641147614,"w":-0.3168298602104187},"size":13.482815742492676,"orthographic":false}